<?xml version="1.0" encoding="UTF-8"?>
<beans:beans xmlns="http://www.springframework.org/schema/security"
    xmlns:beans="http://www.springframework.org/schema/beans"
    xmlns:xsi="http://www.w3.org/2001/XMLSchema-instance"
    xsi:schemaLocation="http://www.springframework.org/schema/beans
    http://www.springframework.org/schema/beans/spring-beans-3.0.xsd
    http://www.springframework.org/schema/security
    http://www.springframework.org/schema/security/spring-security-3.0.3.xsd">
 
    <http auto-config="true"  use-expressions="true">
        <intercept-url pattern="/*" access="hasRole('admin')" />
    </http>
 
    <authentication-manager alias="authenticationManager">
        <authentication-provider>
            <user-service>
                <user name="ram" password="123" authorities="admin" />
            </user-service>
        </authentication-provider>
    </authentication-manager>
 
</beans:beans>